{
    "rmse": 0.7712701893649565,
    "mae": 0.6399046745470405,
    "r2": 0.03494358198994507
}