{
    "rmse": 0.771141081173214,
    "mae": 0.6388353507106941,
    "r2": 0.03526664973515503
}