{
    "rmse": 0.7712652532447646,
    "mae": 0.6398675661783483,
    "r2": 0.03495593464999425
}